idx,cid,weight_name,module,module_type,kind,cin,cout,k,stride,pad,groups,depthwise,act,h_in,w_in,h_out,w_out,w_off,b_off,n_w,n_b,macs,op_idx,t_in,t_out
0,CV_model_0,model.0.conv.weight,model.0,Conv,conv,3,16,3,2,1,1,0,silu,320,320,160,160,0,432,432,16,11059200,0,0,1
1,CV_model_1,model.1.conv.weight,model.1,Conv,conv,16,32,3,2,1,1,0,silu,160,160,80,80,448,5056,4608,32,29491200,1,1,2
2,CV_model_2_cv1,model.2.cv1.conv.weight,model.2,C3k2,conv,32,32,1,1,0,1,0,silu,80,80,80,80,5088,6112,1024,32,6553600,2,2,3
3,CV_model_2_m_0_cv1,model.2.m.0.cv1.conv.weight,model.2,C3k2,conv,16,8,3,1,1,1,0,silu,80,80,80,80,6144,7296,1152,8,7372800,4,5,6
4,CV_model_2_m_0_cv2,model.2.m.0.cv2.conv.weight,model.2,C3k2,conv,8,16,3,1,1,1,0,silu,80,80,80,80,7312,8464,1152,16,7372800,5,6,7
5,CV_model_2_cv2,model.2.cv2.conv.weight,model.2,C3k2,conv,48,64,1,1,0,1,0,silu,80,80,80,80,8480,11552,3072,64,19660800,8,9,10
6,CV_model_3,model.3.conv.weight,model.3,Conv,conv,64,64,3,2,1,1,0,silu,80,80,40,40,11616,48480,36864,64,58982400,9,10,11
7,CV_model_4_cv1,model.4.cv1.conv.weight,model.4,C3k2,conv,64,64,1,1,0,1,0,silu,40,40,40,40,48544,52640,4096,64,6553600,10,11,12
8,CV_model_4_m_0_cv1,model.4.m.0.cv1.conv.weight,model.4,C3k2,conv,32,16,3,1,1,1,0,silu,40,40,40,40,52704,57312,4608,16,7372800,12,14,15
9,CV_model_4_m_0_cv2,model.4.m.0.cv2.conv.weight,model.4,C3k2,conv,16,32,3,1,1,1,0,silu,40,40,40,40,57328,61936,4608,32,7372800,13,15,16
10,CV_model_4_cv2,model.4.cv2.conv.weight,model.4,C3k2,conv,96,128,1,1,0,1,0,silu,40,40,40,40,61968,74256,12288,128,19660800,16,18,19
11,CV_model_5,model.5.conv.weight,model.5,Conv,conv,128,128,3,2,1,1,0,silu,40,40,20,20,74384,221840,147456,128,58982400,17,19,20
12,CV_model_6_cv1,model.6.cv1.conv.weight,model.6,C3k2,conv,128,128,1,1,0,1,0,silu,20,20,20,20,221968,238352,16384,128,6553600,18,20,21
13,CV_model_6_m_0_cv1,model.6.m.0.cv1.conv.weight,model.6,C3k2,conv,64,32,1,1,0,1,0,silu,20,20,20,20,238480,240528,2048,32,819200,20,23,24
14,CV_model_6_m_0_cv2,model.6.m.0.cv2.conv.weight,model.6,C3k2,conv,64,32,1,1,0,1,0,silu,20,20,20,20,240560,242608,2048,32,819200,21,23,25
15,CV_model_6_m_0_m_0_cv1,model.6.m.0.m.0.cv1.conv.weight,model.6,C3k2,conv,32,32,3,1,1,1,0,silu,20,20,20,20,242640,251856,9216,32,3686400,22,24,26
16,CV_model_6_m_0_m_0_cv2,model.6.m.0.m.0.cv2.conv.weight,model.6,C3k2,conv,32,32,3,1,1,1,0,silu,20,20,20,20,251888,261104,9216,32,3686400,23,26,27
17,CV_model_6_m_0_m_1_cv1,model.6.m.0.m.1.cv1.conv.weight,model.6,C3k2,conv,32,32,3,1,1,1,0,silu,20,20,20,20,261136,270352,9216,32,3686400,25,28,29
18,CV_model_6_m_0_m_1_cv2,model.6.m.0.m.1.cv2.conv.weight,model.6,C3k2,conv,32,32,3,1,1,1,0,silu,20,20,20,20,270384,279600,9216,32,3686400,26,29,30
19,CV_model_6_m_0_cv3,model.6.m.0.cv3.conv.weight,model.6,C3k2,conv,64,64,1,1,0,1,0,silu,20,20,20,20,279632,283728,4096,64,1638400,29,32,33
20,CV_model_6_cv2,model.6.cv2.conv.weight,model.6,C3k2,conv,192,128,1,1,0,1,0,silu,20,20,20,20,283792,308368,24576,128,9830400,31,34,35
21,CV_model_7,model.7.conv.weight,model.7,Conv,conv,128,256,3,2,1,1,0,silu,20,20,10,10,308496,603408,294912,256,29491200,32,35,36
22,CV_model_8_cv1,model.8.cv1.conv.weight,model.8,C3k2,conv,256,256,1,1,0,1,0,silu,10,10,10,10,603664,669200,65536,256,6553600,33,36,37
23,CV_model_8_m_0_cv1,model.8.m.0.cv1.conv.weight,model.8,C3k2,conv,128,64,1,1,0,1,0,silu,10,10,10,10,669456,677648,8192,64,819200,35,39,40
24,CV_model_8_m_0_cv2,model.8.m.0.cv2.conv.weight,model.8,C3k2,conv,128,64,1,1,0,1,0,silu,10,10,10,10,677712,685904,8192,64,819200,36,39,41
25,CV_model_8_m_0_m_0_cv1,model.8.m.0.m.0.cv1.conv.weight,model.8,C3k2,conv,64,64,3,1,1,1,0,silu,10,10,10,10,685968,722832,36864,64,3686400,37,40,42
26,CV_model_8_m_0_m_0_cv2,model.8.m.0.m.0.cv2.conv.weight,model.8,C3k2,conv,64,64,3,1,1,1,0,silu,10,10,10,10,722896,759760,36864,64,3686400,38,42,43
27,CV_model_8_m_0_m_1_cv1,model.8.m.0.m.1.cv1.conv.weight,model.8,C3k2,conv,64,64,3,1,1,1,0,silu,10,10,10,10,759824,796688,36864,64,3686400,40,44,45
28,CV_model_8_m_0_m_1_cv2,model.8.m.0.m.1.cv2.conv.weight,model.8,C3k2,conv,64,64,3,1,1,1,0,silu,10,10,10,10,796752,833616,36864,64,3686400,41,45,46
29,CV_model_8_m_0_cv3,model.8.m.0.cv3.conv.weight,model.8,C3k2,conv,128,128,1,1,0,1,0,silu,10,10,10,10,833680,850064,16384,128,1638400,44,48,49
30,CV_model_8_cv2,model.8.cv2.conv.weight,model.8,C3k2,conv,384,256,1,1,0,1,0,silu,10,10,10,10,850192,948496,98304,256,9830400,46,50,51
31,CV_model_9_cv1,model.9.cv1.conv.weight,model.9,SPPF,conv,256,128,1,1,0,1,0,none,10,10,10,10,948752,981520,32768,128,3276800,47,51,52
32,CV_model_9_cv2,model.9.cv2.conv.weight,model.9,SPPF,conv,512,256,1,1,0,1,0,silu,10,10,10,10,981648,1112720,131072,256,13107200,52,56,57
33,CV_model_10_cv1,model.10.cv1.conv.weight,model.10,C2PSA,conv,256,256,1,1,0,1,0,silu,10,10,10,10,1112976,1178512,65536,256,6553600,54,58,59
34,CV_model_10_m_0_attn_qkv,model.10.m.0.attn.qkv.conv.weight,model.10,C2PSA,conv,128,256,1,1,0,1,0,none,10,10,10,10,1178768,1211536,32768,256,3276800,56,61,62
35,CV_model_10_m_0_attn_pe,model.10.m.0.attn.pe.conv.weight,model.10,C2PSA,conv,128,128,3,1,1,128,1,none,10,10,10,10,1211792,1212944,1152,128,115200,62,68,70
36,CV_model_10_m_0_attn_proj,model.10.m.0.attn.proj.conv.weight,model.10,C2PSA,conv,128,128,1,1,0,1,0,none,10,10,10,10,1213072,1229456,16384,128,1638400,69,76,77
37,CV_model_10_m_0_ffn_0,model.10.m.0.ffn.0.conv.weight,model.10,C2PSA,conv,128,256,1,1,0,1,0,silu,10,10,10,10,1229584,1262352,32768,256,3276800,71,78,79
38,CV_model_10_m_0_ffn_1,model.10.m.0.ffn.1.conv.weight,model.10,C2PSA,conv,256,128,1,1,0,1,0,none,10,10,10,10,1262608,1295376,32768,128,3276800,72,79,80
39,CV_model_10_cv2,model.10.cv2.conv.weight,model.10,C2PSA,conv,256,256,1,1,0,1,0,silu,10,10,10,10,1295504,1361040,65536,256,6553600,75,82,83
40,CV_model_13_cv1,model.13.cv1.conv.weight,model.13,C3k2,conv,384,128,1,1,0,1,0,silu,20,20,20,20,1361296,1410448,49152,128,19660800,78,85,86
41,CV_model_13_m_0_cv1,model.13.m.0.cv1.conv.weight,model.13,C3k2,conv,64,32,1,1,0,1,0,silu,20,20,20,20,1410576,1412624,2048,32,819200,80,88,89
42,CV_model_13_m_0_cv2,model.13.m.0.cv2.conv.weight,model.13,C3k2,conv,64,32,1,1,0,1,0,silu,20,20,20,20,1412656,1414704,2048,32,819200,81,88,90
43,CV_model_13_m_0_m_0_cv1,model.13.m.0.m.0.cv1.conv.weight,model.13,C3k2,conv,32,32,3,1,1,1,0,silu,20,20,20,20,1414736,1423952,9216,32,3686400,82,89,91
44,CV_model_13_m_0_m_0_cv2,model.13.m.0.m.0.cv2.conv.weight,model.13,C3k2,conv,32,32,3,1,1,1,0,silu,20,20,20,20,1423984,1433200,9216,32,3686400,83,91,92
45,CV_model_13_m_0_m_1_cv1,model.13.m.0.m.1.cv1.conv.weight,model.13,C3k2,conv,32,32,3,1,1,1,0,silu,20,20,20,20,1433232,1442448,9216,32,3686400,85,93,94
46,CV_model_13_m_0_m_1_cv2,model.13.m.0.m.1.cv2.conv.weight,model.13,C3k2,conv,32,32,3,1,1,1,0,silu,20,20,20,20,1442480,1451696,9216,32,3686400,86,94,95
47,CV_model_13_m_0_cv3,model.13.m.0.cv3.conv.weight,model.13,C3k2,conv,64,64,1,1,0,1,0,silu,20,20,20,20,1451728,1455824,4096,64,1638400,89,97,98
48,CV_model_13_cv2,model.13.cv2.conv.weight,model.13,C3k2,conv,192,128,1,1,0,1,0,silu,20,20,20,20,1455888,1480464,24576,128,9830400,91,99,100
49,CV_model_16_cv1,model.16.cv1.conv.weight,model.16,C3k2,conv,256,64,1,1,0,1,0,silu,40,40,40,40,1480592,1496976,16384,64,26214400,94,102,103
50,CV_model_16_m_0_cv1,model.16.m.0.cv1.conv.weight,model.16,C3k2,conv,32,16,1,1,0,1,0,silu,40,40,40,40,1497040,1497552,512,16,819200,96,105,106
51,CV_model_16_m_0_cv2,model.16.m.0.cv2.conv.weight,model.16,C3k2,conv,32,16,1,1,0,1,0,silu,40,40,40,40,1497568,1498080,512,16,819200,97,105,107
52,CV_model_16_m_0_m_0_cv1,model.16.m.0.m.0.cv1.conv.weight,model.16,C3k2,conv,16,16,3,1,1,1,0,silu,40,40,40,40,1498096,1500400,2304,16,3686400,98,106,108
53,CV_model_16_m_0_m_0_cv2,model.16.m.0.m.0.cv2.conv.weight,model.16,C3k2,conv,16,16,3,1,1,1,0,silu,40,40,40,40,1500416,1502720,2304,16,3686400,99,108,109
54,CV_model_16_m_0_m_1_cv1,model.16.m.0.m.1.cv1.conv.weight,model.16,C3k2,conv,16,16,3,1,1,1,0,silu,40,40,40,40,1502736,1505040,2304,16,3686400,101,110,111
55,CV_model_16_m_0_m_1_cv2,model.16.m.0.m.1.cv2.conv.weight,model.16,C3k2,conv,16,16,3,1,1,1,0,silu,40,40,40,40,1505056,1507360,2304,16,3686400,102,111,112
56,CV_model_16_m_0_cv3,model.16.m.0.cv3.conv.weight,model.16,C3k2,conv,32,32,1,1,0,1,0,silu,40,40,40,40,1507376,1508400,1024,32,1638400,105,114,115
57,CV_model_16_cv2,model.16.cv2.conv.weight,model.16,C3k2,conv,96,64,1,1,0,1,0,silu,40,40,40,40,1508432,1514576,6144,64,9830400,107,116,117
58,CV_model_17,model.17.conv.weight,model.17,Conv,conv,64,64,3,2,1,1,0,silu,40,40,20,20,1514640,1551504,36864,64,14745600,108,117,118
59,CV_model_19_cv1,model.19.cv1.conv.weight,model.19,C3k2,conv,192,128,1,1,0,1,0,silu,20,20,20,20,1551568,1576144,24576,128,9830400,116,122,126
60,CV_model_19_m_0_cv1,model.19.m.0.cv1.conv.weight,model.19,C3k2,conv,64,32,1,1,0,1,0,silu,20,20,20,20,1576272,1578320,2048,32,819200,123,131,134
61,CV_model_19_m_0_cv2,model.19.m.0.cv2.conv.weight,model.19,C3k2,conv,64,32,1,1,0,1,0,silu,20,20,20,20,1578352,1580400,2048,32,819200,124,131,135
62,CV_model_19_m_0_m_0_cv1,model.19.m.0.m.0.cv1.conv.weight,model.19,C3k2,conv,32,32,3,1,1,1,0,silu,20,20,20,20,1580432,1589648,9216,32,3686400,126,134,137
63,CV_model_19_m_0_m_0_cv2,model.19.m.0.m.0.cv2.conv.weight,model.19,C3k2,conv,32,32,3,1,1,1,0,silu,20,20,20,20,1589680,1598896,9216,32,3686400,129,137,140
64,CV_model_19_m_0_m_1_cv1,model.19.m.0.m.1.cv1.conv.weight,model.19,C3k2,conv,32,32,3,1,1,1,0,silu,20,20,20,20,1598928,1608144,9216,32,3686400,131,141,142
65,CV_model_19_m_0_m_1_cv2,model.19.m.0.m.1.cv2.conv.weight,model.19,C3k2,conv,32,32,3,1,1,1,0,silu,20,20,20,20,1608176,1617392,9216,32,3686400,132,142,143
66,CV_model_19_m_0_cv3,model.19.m.0.cv3.conv.weight,model.19,C3k2,conv,64,64,1,1,0,1,0,silu,20,20,20,20,1617424,1621520,4096,64,1638400,135,145,146
67,CV_model_19_cv2,model.19.cv2.conv.weight,model.19,C3k2,conv,192,128,1,1,0,1,0,silu,20,20,20,20,1621584,1646160,24576,128,9830400,137,147,148
68,CV_model_20,model.20.conv.weight,model.20,Conv,conv,128,128,3,2,1,1,0,silu,20,20,10,10,1646288,1793744,147456,128,14745600,138,148,149
69,CV_model_22_cv1,model.22.cv1.conv.weight,model.22,C3k2,conv,384,256,1,1,0,1,0,silu,10,10,10,10,1793872,1892176,98304,256,9830400,148,154,159
70,CV_model_22_m_0_0_cv1,model.22.m.0.0.cv1.conv.weight,model.22,C3k2,conv,128,64,3,1,1,1,0,silu,10,10,10,10,1892432,1966160,73728,64,7372800,156,165,168
71,CV_model_22_m_0_0_cv2,model.22.m.0.0.cv2.conv.weight,model.22,C3k2,conv,64,128,3,1,1,1,0,silu,10,10,10,10,1966224,2039952,73728,128,7372800,158,168,170
72,CV_model_22_m_0_1_attn_qkv,model.22.m.0.1.attn.qkv.conv.weight,model.22,C3k2,conv,128,256,1,1,0,1,0,none,10,10,10,10,2040080,2072848,32768,256,3276800,162,173,174
73,CV_model_22_m_0_1_attn_pe,model.22.m.0.1.attn.pe.conv.weight,model.22,C3k2,conv,128,128,3,1,1,128,1,none,10,10,10,10,2073104,2074256,1152,128,115200,168,180,182
74,CV_model_22_m_0_1_attn_proj,model.22.m.0.1.attn.proj.conv.weight,model.22,C3k2,conv,128,128,1,1,0,1,0,none,10,10,10,10,2074384,2090768,16384,128,1638400,175,188,189
75,CV_model_22_m_0_1_ffn_0,model.22.m.0.1.ffn.0.conv.weight,model.22,C3k2,conv,128,256,1,1,0,1,0,silu,10,10,10,10,2090896,2123664,32768,256,3276800,177,190,191
76,CV_model_22_m_0_1_ffn_1,model.22.m.0.1.ffn.1.conv.weight,model.22,C3k2,conv,256,128,1,1,0,1,0,none,10,10,10,10,2123920,2156688,32768,128,3276800,178,191,192
77,CV_model_22_cv2,model.22.cv2.conv.weight,model.22,C3k2,conv,384,256,1,1,0,1,0,silu,10,10,10,10,2156816,2255120,98304,256,9830400,181,194,195
78,CV_model_23_one2one_cv2_0_0,model.23.one2one_cv2.0.0.conv.weight,model.23,Segment26,conv,64,16,3,1,1,1,0,silu,40,40,40,40,2255376,2264592,9216,16,14745600,109,117,119
79,CV_model_23_one2one_cv2_0_1,model.23.one2one_cv2.0.1.conv.weight,model.23,Segment26,conv,16,16,3,1,1,1,0,silu,40,40,40,40,2264608,2266912,2304,16,3686400,113,119,123
80,CV_model_23_one2one_cv2_0_2,model.23.one2one_cv2.0.2.weight,model.23,Segment26,conv,16,4,1,1,0,1,0,none,40,40,40,40,2266928,2266992,64,4,102400,117,123,127
81,CV_model_23_one2one_cv3_0_0_0,model.23.one2one_cv3.0.0.0.conv.weight,model.23,Segment26,conv,64,64,3,1,1,64,1,silu,40,40,40,40,2267008,2267584,576,64,921600,110,117,120
82,CV_model_23_one2one_cv3_0_0_1,model.23.one2one_cv3.0.0.1.conv.weight,model.23,Segment26,conv,64,64,1,1,0,1,0,silu,40,40,40,40,2267648,2271744,4096,64,6553600,114,120,124
83,CV_model_23_one2one_cv3_0_1_0,model.23.one2one_cv3.0.1.0.conv.weight,model.23,Segment26,conv,64,64,3,1,1,64,1,silu,40,40,40,40,2271808,2272384,576,64,921600,118,124,128
84,CV_model_23_one2one_cv3_0_1_1,model.23.one2one_cv3.0.1.1.conv.weight,model.23,Segment26,conv,64,64,1,1,0,1,0,silu,40,40,40,40,2272448,2276544,4096,64,6553600,125,128,136
85,CV_model_23_one2one_cv3_0_2,model.23.one2one_cv3.0.2.weight,model.23,Segment26,conv,64,1,1,1,0,1,0,none,40,40,40,40,2276608,2276672,64,1,102400,127,136,138
86,CV_model_23_one2one_cv4_0_0,model.23.one2one_cv4.0.0.conv.weight,model.23,Segment26,conv,64,32,3,1,1,1,0,silu,40,40,40,40,2276688,2295120,18432,32,29491200,111,117,121
87,CV_model_23_one2one_cv4_0_1,model.23.one2one_cv4.0.1.conv.weight,model.23,Segment26,conv,32,32,3,1,1,1,0,silu,40,40,40,40,2295152,2304368,9216,32,14745600,115,121,125
88,CV_model_23_one2one_cv4_0_2,model.23.one2one_cv4.0.2.weight,model.23,Segment26,conv,32,32,1,1,0,1,0,none,40,40,40,40,2304400,2305424,1024,32,1638400,119,125,129
89,CV_model_23_one2one_cv2_1_0,model.23.one2one_cv2.1.0.conv.weight,model.23,Segment26,conv,128,16,3,1,1,1,0,silu,20,20,20,20,2305456,2323888,18432,16,7372800,139,148,150
90,CV_model_23_one2one_cv2_1_1,model.23.one2one_cv2.1.1.conv.weight,model.23,Segment26,conv,16,16,3,1,1,1,0,silu,20,20,20,20,2323904,2326208,2304,16,921600,144,150,155
91,CV_model_23_one2one_cv2_1_2,model.23.one2one_cv2.1.2.weight,model.23,Segment26,conv,16,4,1,1,0,1,0,none,20,20,20,20,2326224,2326288,64,4,25600,150,155,161
92,CV_model_23_one2one_cv3_1_0_0,model.23.one2one_cv3.1.0.0.conv.weight,model.23,Segment26,conv,128,128,3,1,1,128,1,silu,20,20,20,20,2326304,2327456,1152,128,460800,140,148,151
93,CV_model_23_one2one_cv3_1_0_1,model.23.one2one_cv3.1.0.1.conv.weight,model.23,Segment26,conv,128,64,1,1,0,1,0,silu,20,20,20,20,2327584,2335776,8192,64,3276800,145,151,156
94,CV_model_23_one2one_cv3_1_1_0,model.23.one2one_cv3.1.1.0.conv.weight,model.23,Segment26,conv,64,64,3,1,1,64,1,silu,20,20,20,20,2335840,2336416,576,64,230400,151,156,162
95,CV_model_23_one2one_cv3_1_1_1,model.23.one2one_cv3.1.1.1.conv.weight,model.23,Segment26,conv,64,64,1,1,0,1,0,silu,20,20,20,20,2336480,2340576,4096,64,1638400,157,162,169
96,CV_model_23_one2one_cv3_1_2,model.23.one2one_cv3.1.2.weight,model.23,Segment26,conv,64,1,1,1,0,1,0,none,20,20,20,20,2340640,2340704,64,1,25600,159,169,171
97,CV_model_23_one2one_cv4_1_0,model.23.one2one_cv4.1.0.conv.weight,model.23,Segment26,conv,128,32,3,1,1,1,0,silu,20,20,20,20,2340720,2377584,36864,32,14745600,141,148,152
98,CV_model_23_one2one_cv4_1_1,model.23.one2one_cv4.1.1.conv.weight,model.23,Segment26,conv,32,32,3,1,1,1,0,silu,20,20,20,20,2377616,2386832,9216,32,3686400,146,152,157
99,CV_model_23_one2one_cv4_1_2,model.23.one2one_cv4.1.2.weight,model.23,Segment26,conv,32,32,1,1,0,1,0,none,20,20,20,20,2386864,2387888,1024,32,409600,152,157,163
100,CV_model_23_one2one_cv2_2_0,model.23.one2one_cv2.2.0.conv.weight,model.23,Segment26,conv,256,16,3,1,1,1,0,silu,10,10,10,10,2387920,2424784,36864,16,3686400,182,195,196
101,CV_model_23_one2one_cv2_2_1,model.23.one2one_cv2.2.1.conv.weight,model.23,Segment26,conv,16,16,3,1,1,1,0,silu,10,10,10,10,2424800,2427104,2304,16,230400,186,196,200
102,CV_model_23_one2one_cv2_2_2,model.23.one2one_cv2.2.2.weight,model.23,Segment26,conv,16,4,1,1,0,1,0,none,10,10,10,10,2427120,2427184,64,4,6400,192,200,206
103,CV_model_23_one2one_cv3_2_0_0,model.23.one2one_cv3.2.0.0.conv.weight,model.23,Segment26,conv,256,256,3,1,1,256,1,silu,10,10,10,10,2427200,2429504,2304,256,230400,183,195,197
104,CV_model_23_one2one_cv3_2_0_1,model.23.one2one_cv3.2.0.1.conv.weight,model.23,Segment26,conv,256,64,1,1,0,1,0,silu,10,10,10,10,2429760,2446144,16384,64,1638400,187,197,201
105,CV_model_23_one2one_cv3_2_1_0,model.23.one2one_cv3.2.1.0.conv.weight,model.23,Segment26,conv,64,64,3,1,1,64,1,silu,10,10,10,10,2446208,2446784,576,64,57600,193,201,207
106,CV_model_23_one2one_cv3_2_1_1,model.23.one2one_cv3.2.1.1.conv.weight,model.23,Segment26,conv,64,64,1,1,0,1,0,silu,10,10,10,10,2446848,2450944,4096,64,409600,200,207,214
107,CV_model_23_one2one_cv3_2_2,model.23.one2one_cv3.2.2.weight,model.23,Segment26,conv,64,1,1,1,0,1,0,none,10,10,10,10,2451008,2451072,64,1,6400,207,214,221
108,CV_model_23_one2one_cv4_2_0,model.23.one2one_cv4.2.0.conv.weight,model.23,Segment26,conv,256,32,3,1,1,1,0,silu,10,10,10,10,2451088,2524816,73728,32,7372800,184,195,198
109,CV_model_23_one2one_cv4_2_1,model.23.one2one_cv4.2.1.conv.weight,model.23,Segment26,conv,32,32,3,1,1,1,0,silu,10,10,10,10,2524848,2534064,9216,32,921600,188,198,202
110,CV_model_23_one2one_cv4_2_2,model.23.one2one_cv4.2.2.weight,model.23,Segment26,conv,32,32,1,1,0,1,0,none,10,10,10,10,2534096,2535120,1024,32,102400,194,202,208
111,CV_model_23_proto_feat_refine_0,model.23.proto.feat_refine.0.conv.weight,model.23,Segment26,conv,128,64,1,1,0,1,0,silu,20,20,20,20,2535152,2543344,8192,64,3276800,142,148,153
112,CV_model_23_proto_feat_refine_1,model.23.proto.feat_refine.1.conv.weight,model.23,Segment26,conv,256,64,1,1,0,1,0,silu,10,10,10,10,2543408,2559792,16384,64,1638400,185,195,199
113,CV_model_23_proto_feat_fuse,model.23.proto.feat_fuse.conv.weight,model.23,Segment26,conv,64,64,3,1,1,1,0,silu,40,40,40,40,2559856,2596720,36864,64,58982400,191,204,205
114,CV_model_23_proto_cv1,model.23.proto.cv1.conv.weight,model.23,Segment26,conv,64,64,3,1,1,1,0,silu,40,40,40,40,2596784,2633648,36864,64,58982400,199,205,213
115,CV_model_23_proto_upsample,model.23.proto.upsample.weight,model.23,Segment26,convT,64,64,2,2,0,1,0,none,40,40,80,80,2633712,2650096,16384,64,26214400,205,213,219
116,CV_model_23_proto_cv2,model.23.proto.cv2.conv.weight,model.23,Segment26,conv,64,64,3,1,1,1,0,silu,80,80,80,80,2650160,2687024,36864,64,235929600,208,219,222
117,CV_model_23_proto_cv3,model.23.proto.cv3.conv.weight,model.23,Segment26,conv,64,32,1,1,0,1,0,silu,80,80,80,80,2687088,2689136,2048,32,13107200,213,222,227
