op_idx,op,module,onnx_name,in_tensors,out_tensors,in_shapes,out_shapes,params,consts
0,conv,model.0,/model.0/conv/Conv,t0,t1,3x320x320,16x160x160,k3s2g1,
1,conv,model.1,/model.1/conv/Conv,t1,t2,16x160x160,32x80x80,k3s2g1,
2,conv,model.2,/model.2/cv1/conv/Conv,t2,t3,32x80x80,32x80x80,k1s1g1,
3,split,model.2,/model.2/Split,t3,t4 t5,32x80x80,16x80x80|16x80x80,"axis=1;split=[16, 16]",
4,conv,model.2,/model.2/m.0/cv1/conv/Conv,t5,t6,16x80x80,8x80x80,k3s1g1,
5,conv,model.2,/model.2/m.0/cv2/conv/Conv,t6,t7,8x80x80,16x80x80,k3s1g1,
6,add,model.2,/model.2/m.0/Add,t5 t7,t8,16x80x80|16x80x80,16x80x80,,
7,concat,model.2,/model.2/Concat,t4 t5 t8,t9,16x80x80|16x80x80|16x80x80,48x80x80,axis=1,
8,conv,model.2,/model.2/cv2/conv/Conv,t9,t10,48x80x80,64x80x80,k1s1g1,
9,conv,model.3,/model.3/conv/Conv,t10,t11,64x80x80,64x40x40,k3s2g1,
10,conv,model.4,/model.4/cv1/conv/Conv,t11,t12,64x40x40,64x40x40,k1s1g1,
11,split,model.4,/model.4/Split,t12,t13 t14,64x40x40,32x40x40|32x40x40,"axis=1;split=[32, 32]",
12,conv,model.4,/model.4/m.0/cv1/conv/Conv,t14,t15,32x40x40,16x40x40,k3s1g1,
13,conv,model.4,/model.4/m.0/cv2/conv/Conv,t15,t16,16x40x40,32x40x40,k3s1g1,
14,add,model.4,/model.4/m.0/Add,t14 t16,t17,32x40x40|32x40x40,32x40x40,,
15,concat,model.4,/model.4/Concat,t13 t14 t17,t18,32x40x40|32x40x40|32x40x40,96x40x40,axis=1,
16,conv,model.4,/model.4/cv2/conv/Conv,t18,t19,96x40x40,128x40x40,k1s1g1,
17,conv,model.5,/model.5/conv/Conv,t19,t20,128x40x40,128x20x20,k3s2g1,
18,conv,model.6,/model.6/cv1/conv/Conv,t20,t21,128x20x20,128x20x20,k1s1g1,
19,split,model.6,/model.6/Split,t21,t22 t23,128x20x20,64x20x20|64x20x20,"axis=1;split=[64, 64]",
20,conv,model.6,/model.6/m.0/cv1/conv/Conv,t23,t24,64x20x20,32x20x20,k1s1g1,
21,conv,model.6,/model.6/m.0/cv2/conv/Conv,t23,t25,64x20x20,32x20x20,k1s1g1,
22,conv,model.6,/model.6/m.0/m/m.0/cv1/conv/Conv,t24,t26,32x20x20,32x20x20,k3s1g1,
23,conv,model.6,/model.6/m.0/m/m.0/cv2/conv/Conv,t26,t27,32x20x20,32x20x20,k3s1g1,
24,add,model.6,/model.6/m.0/m/m.0/Add,t24 t27,t28,32x20x20|32x20x20,32x20x20,,
25,conv,model.6,/model.6/m.0/m/m.1/cv1/conv/Conv,t28,t29,32x20x20,32x20x20,k3s1g1,
26,conv,model.6,/model.6/m.0/m/m.1/cv2/conv/Conv,t29,t30,32x20x20,32x20x20,k3s1g1,
27,add,model.6,/model.6/m.0/m/m.1/Add,t28 t30,t31,32x20x20|32x20x20,32x20x20,,
28,concat,model.6,/model.6/m.0/Concat,t31 t25,t32,32x20x20|32x20x20,64x20x20,axis=1,
29,conv,model.6,/model.6/m.0/cv3/conv/Conv,t32,t33,64x20x20,64x20x20,k1s1g1,
30,concat,model.6,/model.6/Concat,t22 t23 t33,t34,64x20x20|64x20x20|64x20x20,192x20x20,axis=1,
31,conv,model.6,/model.6/cv2/conv/Conv,t34,t35,192x20x20,128x20x20,k1s1g1,
32,conv,model.7,/model.7/conv/Conv,t35,t36,128x20x20,256x10x10,k3s2g1,
33,conv,model.8,/model.8/cv1/conv/Conv,t36,t37,256x10x10,256x10x10,k1s1g1,
34,split,model.8,/model.8/Split,t37,t38 t39,256x10x10,128x10x10|128x10x10,"axis=1;split=[128, 128]",
35,conv,model.8,/model.8/m.0/cv1/conv/Conv,t39,t40,128x10x10,64x10x10,k1s1g1,
36,conv,model.8,/model.8/m.0/cv2/conv/Conv,t39,t41,128x10x10,64x10x10,k1s1g1,
37,conv,model.8,/model.8/m.0/m/m.0/cv1/conv/Conv,t40,t42,64x10x10,64x10x10,k3s1g1,
38,conv,model.8,/model.8/m.0/m/m.0/cv2/conv/Conv,t42,t43,64x10x10,64x10x10,k3s1g1,
39,add,model.8,/model.8/m.0/m/m.0/Add,t40 t43,t44,64x10x10|64x10x10,64x10x10,,
40,conv,model.8,/model.8/m.0/m/m.1/cv1/conv/Conv,t44,t45,64x10x10,64x10x10,k3s1g1,
41,conv,model.8,/model.8/m.0/m/m.1/cv2/conv/Conv,t45,t46,64x10x10,64x10x10,k3s1g1,
42,add,model.8,/model.8/m.0/m/m.1/Add,t44 t46,t47,64x10x10|64x10x10,64x10x10,,
43,concat,model.8,/model.8/m.0/Concat,t47 t41,t48,64x10x10|64x10x10,128x10x10,axis=1,
44,conv,model.8,/model.8/m.0/cv3/conv/Conv,t48,t49,128x10x10,128x10x10,k1s1g1,
45,concat,model.8,/model.8/Concat,t38 t39 t49,t50,128x10x10|128x10x10|128x10x10,384x10x10,axis=1,
46,conv,model.8,/model.8/cv2/conv/Conv,t50,t51,384x10x10,256x10x10,k1s1g1,
47,conv,model.9,/model.9/cv1/conv/Conv,t51,t52,256x10x10,128x10x10,k1s1g1 linear,
48,maxpool,model.9,/model.9/m/MaxPool,t52,t53,128x10x10,128x10x10,"ceil_mode=0;dilations=[1, 1];kernel_shape=[5, 5];pads=[2, 2, 2, 2];strides=[1, 1]",
49,maxpool,model.9,/model.9/m_1/MaxPool,t53,t54,128x10x10,128x10x10,"ceil_mode=0;dilations=[1, 1];kernel_shape=[5, 5];pads=[2, 2, 2, 2];strides=[1, 1]",
50,maxpool,model.9,/model.9/m_2/MaxPool,t54,t55,128x10x10,128x10x10,"ceil_mode=0;dilations=[1, 1];kernel_shape=[5, 5];pads=[2, 2, 2, 2];strides=[1, 1]",
51,concat,model.9,/model.9/Concat,t52 t53 t54 t55,t56,128x10x10|128x10x10|128x10x10|128x10x10,512x10x10,axis=1,
52,conv,model.9,/model.9/cv2/conv/Conv,t56,t57,512x10x10,256x10x10,k1s1g1,
53,add,model.9,/model.9/Add,t57 t51,t58,256x10x10|256x10x10,256x10x10,,
54,conv,model.10,/model.10/cv1/conv/Conv,t58,t59,256x10x10,256x10x10,k1s1g1,
55,split,model.10,/model.10/Split,t59,t60 t61,256x10x10,128x10x10|128x10x10,"axis=1;split=[128, 128]",
56,conv,model.10,/model.10/m/m.0/attn/qkv/conv/Conv,t61,t62,128x10x10,256x10x10,k1s1g1 linear,
57,reshape,model.10,/model.10/m/m.0/attn/Reshape,t62,t63,256x10x10,2x128x100,,"Constant_output_0=[1, 2, 128, 100]"
58,split,model.10,/model.10/m/m.0/attn/Split,t63,t64 t65 t66,2x128x100,2x32x100|2x32x100|2x64x100,"axis=2;split=[32, 32, 64]",
59,mul,model.10,/model.10/m/m.0/attn/Mul,t64,t67,2x32x100,2x32x100,,Constant_1_output_0=0.1767766922712326
60,reshape,model.10,/model.10/m/m.0/attn/Reshape_2,t66,t68,2x64x100,128x10x10,,"Constant_3_output_0=[1, 128, 10, 10]"
61,transpose,model.10,/model.10/m/m.0/attn/Transpose,t67,t69,2x32x100,2x100x32,"perm=[0, 1, 3, 2]",
62,conv,model.10,/model.10/m/m.0/attn/pe/conv/Conv,t68,t70,128x10x10,128x10x10,k3s1g128 linear,
63,matmul,model.10,/model.10/m/m.0/attn/MatMul,t69 t65,t71,2x100x32|2x32x100,2x100x100,,
64,softmax,model.10,/model.10/m/m.0/attn/Softmax,t71,t72,2x100x100,2x100x100,axis=3,
65,transpose,model.10,/model.10/m/m.0/attn/Transpose_1,t72,t73,2x100x100,2x100x100,"perm=[0, 1, 3, 2]",
66,matmul,model.10,/model.10/m/m.0/attn/MatMul_1,t66 t73,t74,2x64x100|2x100x100,2x64x100,,
67,reshape,model.10,/model.10/m/m.0/attn/Reshape_1,t74,t75,2x64x100,128x10x10,,"Constant_3_output_0=[1, 128, 10, 10]"
68,add,model.10,/model.10/m/m.0/attn/Add,t75 t70,t76,128x10x10|128x10x10,128x10x10,,
69,conv,model.10,/model.10/m/m.0/attn/proj/conv/Conv,t76,t77,128x10x10,128x10x10,k1s1g1 linear,
70,add,model.10,/model.10/m/m.0/Add,t61 t77,t78,128x10x10|128x10x10,128x10x10,,
71,conv,model.10,/model.10/m/m.0/ffn/ffn.0/conv/Conv,t78,t79,128x10x10,256x10x10,k1s1g1,
72,conv,model.10,/model.10/m/m.0/ffn/ffn.1/conv/Conv,t79,t80,256x10x10,128x10x10,k1s1g1 linear,
73,add,model.10,/model.10/m/m.0/Add_1,t78 t80,t81,128x10x10|128x10x10,128x10x10,,
74,concat,model.10,/model.10/Concat,t60 t81,t82,128x10x10|128x10x10,256x10x10,axis=1,
75,conv,model.10,/model.10/cv2/conv/Conv,t82,t83,256x10x10,256x10x10,k1s1g1,
76,resize,model.11,/model.11/Resize,t83,t84,256x10x10,256x20x20,coordinate_transformation_mode=asymmetric;cubic_coeff_a=-0.75;mode=nearest;nearest_mode=floor,"Constant_1_output_0=[];Constant_output_0=[1.0, 1.0, 2.0, 2.0]"
77,concat,model.12,/model.12/Concat,t84 t35,t85,256x20x20|128x20x20,384x20x20,axis=1,
78,conv,model.13,/model.13/cv1/conv/Conv,t85,t86,384x20x20,128x20x20,k1s1g1,
79,split,model.13,/model.13/Split,t86,t87 t88,128x20x20,64x20x20|64x20x20,"axis=1;split=[64, 64]",
80,conv,model.13,/model.13/m.0/cv1/conv/Conv,t88,t89,64x20x20,32x20x20,k1s1g1,
81,conv,model.13,/model.13/m.0/cv2/conv/Conv,t88,t90,64x20x20,32x20x20,k1s1g1,
82,conv,model.13,/model.13/m.0/m/m.0/cv1/conv/Conv,t89,t91,32x20x20,32x20x20,k3s1g1,
83,conv,model.13,/model.13/m.0/m/m.0/cv2/conv/Conv,t91,t92,32x20x20,32x20x20,k3s1g1,
84,add,model.13,/model.13/m.0/m/m.0/Add,t89 t92,t93,32x20x20|32x20x20,32x20x20,,
85,conv,model.13,/model.13/m.0/m/m.1/cv1/conv/Conv,t93,t94,32x20x20,32x20x20,k3s1g1,
86,conv,model.13,/model.13/m.0/m/m.1/cv2/conv/Conv,t94,t95,32x20x20,32x20x20,k3s1g1,
87,add,model.13,/model.13/m.0/m/m.1/Add,t93 t95,t96,32x20x20|32x20x20,32x20x20,,
88,concat,model.13,/model.13/m.0/Concat,t96 t90,t97,32x20x20|32x20x20,64x20x20,axis=1,
89,conv,model.13,/model.13/m.0/cv3/conv/Conv,t97,t98,64x20x20,64x20x20,k1s1g1,
90,concat,model.13,/model.13/Concat,t87 t88 t98,t99,64x20x20|64x20x20|64x20x20,192x20x20,axis=1,
91,conv,model.13,/model.13/cv2/conv/Conv,t99,t100,192x20x20,128x20x20,k1s1g1,
92,resize,model.14,/model.14/Resize,t100,t101,128x20x20,128x40x40,coordinate_transformation_mode=asymmetric;cubic_coeff_a=-0.75;mode=nearest;nearest_mode=floor,"Constant_1_output_0=[];Constant_output_0=[1.0, 1.0, 2.0, 2.0]"
93,concat,model.15,/model.15/Concat,t101 t19,t102,128x40x40|128x40x40,256x40x40,axis=1,
94,conv,model.16,/model.16/cv1/conv/Conv,t102,t103,256x40x40,64x40x40,k1s1g1,
95,split,model.16,/model.16/Split,t103,t104 t105,64x40x40,32x40x40|32x40x40,"axis=1;split=[32, 32]",
96,conv,model.16,/model.16/m.0/cv1/conv/Conv,t105,t106,32x40x40,16x40x40,k1s1g1,
97,conv,model.16,/model.16/m.0/cv2/conv/Conv,t105,t107,32x40x40,16x40x40,k1s1g1,
98,conv,model.16,/model.16/m.0/m/m.0/cv1/conv/Conv,t106,t108,16x40x40,16x40x40,k3s1g1,
99,conv,model.16,/model.16/m.0/m/m.0/cv2/conv/Conv,t108,t109,16x40x40,16x40x40,k3s1g1,
100,add,model.16,/model.16/m.0/m/m.0/Add,t106 t109,t110,16x40x40|16x40x40,16x40x40,,
101,conv,model.16,/model.16/m.0/m/m.1/cv1/conv/Conv,t110,t111,16x40x40,16x40x40,k3s1g1,
102,conv,model.16,/model.16/m.0/m/m.1/cv2/conv/Conv,t111,t112,16x40x40,16x40x40,k3s1g1,
103,add,model.16,/model.16/m.0/m/m.1/Add,t110 t112,t113,16x40x40|16x40x40,16x40x40,,
104,concat,model.16,/model.16/m.0/Concat,t113 t107,t114,16x40x40|16x40x40,32x40x40,axis=1,
105,conv,model.16,/model.16/m.0/cv3/conv/Conv,t114,t115,32x40x40,32x40x40,k1s1g1,
106,concat,model.16,/model.16/Concat,t104 t105 t115,t116,32x40x40|32x40x40|32x40x40,96x40x40,axis=1,
107,conv,model.16,/model.16/cv2/conv/Conv,t116,t117,96x40x40,64x40x40,k1s1g1,
108,conv,model.17,/model.17/conv/Conv,t117,t118,64x40x40,64x20x20,k3s2g1,
109,conv,model.23,/model.23/one2one_cv2.0/one2one_cv2.0.0/conv/Conv,t117,t119,64x40x40,16x40x40,k3s1g1,
110,conv,model.23,/model.23/one2one_cv3.0/one2one_cv3.0.0/one2one_cv3.0.0.0/conv/Conv,t117,t120,64x40x40,64x40x40,k3s1g64,
111,conv,model.23,/model.23/one2one_cv4.0/one2one_cv4.0.0/conv/Conv,t117,t121,64x40x40,32x40x40,k3s1g1,
112,concat,model.18,/model.18/Concat,t118 t100,t122,64x20x20|128x20x20,192x20x20,axis=1,
113,conv,model.23,/model.23/one2one_cv2.0/one2one_cv2.0.1/conv/Conv,t119,t123,16x40x40,16x40x40,k3s1g1,
114,conv,model.23,/model.23/one2one_cv3.0/one2one_cv3.0.0/one2one_cv3.0.0.1/conv/Conv,t120,t124,64x40x40,64x40x40,k1s1g1,
115,conv,model.23,/model.23/one2one_cv4.0/one2one_cv4.0.1/conv/Conv,t121,t125,32x40x40,32x40x40,k3s1g1,
116,conv,model.19,/model.19/cv1/conv/Conv,t122,t126,192x20x20,128x20x20,k1s1g1,
117,conv,model.23,/model.23/one2one_cv2.0/one2one_cv2.0.2/Conv,t123,t127,16x40x40,4x40x40,k1s1g1 linear,
118,conv,model.23,/model.23/one2one_cv3.0/one2one_cv3.0.1/one2one_cv3.0.1.0/conv/Conv,t124,t128,64x40x40,64x40x40,k3s1g64,
119,conv,model.23,/model.23/one2one_cv4.0/one2one_cv4.0.2/Conv,t125,t129,32x40x40,32x40x40,k1s1g1 linear,
120,split,model.19,/model.19/Split,t126,t130 t131,128x20x20,64x20x20|64x20x20,"axis=1;split=[64, 64]",
121,reshape,model.23,/model.23/Reshape,t127,t132,4x40x40,4x1600,,"Constant_output_0=[1, 4, -1]"
122,reshape,model.23,/model.23/Reshape_6,t129,t133,32x40x40,32x1600,,"Constant_6_output_0=[1, 32, -1]"
123,conv,model.19,/model.19/m.0/cv1/conv/Conv,t131,t134,64x20x20,32x20x20,k1s1g1,
124,conv,model.19,/model.19/m.0/cv2/conv/Conv,t131,t135,64x20x20,32x20x20,k1s1g1,
125,conv,model.23,/model.23/one2one_cv3.0/one2one_cv3.0.1/one2one_cv3.0.1.1/conv/Conv,t128,t136,64x40x40,64x40x40,k1s1g1,
126,conv,model.19,/model.19/m.0/m/m.0/cv1/conv/Conv,t134,t137,32x20x20,32x20x20,k3s1g1,
127,conv,model.23,/model.23/one2one_cv3.0/one2one_cv3.0.2/Conv,t136,t138,64x40x40,1x40x40,k1s1g1 linear,
128,reshape,model.23,/model.23/Reshape_3,t138,t139,1x40x40,1x1600,,"Constant_3_output_0=[1, 1, -1]"
129,conv,model.19,/model.19/m.0/m/m.0/cv2/conv/Conv,t137,t140,32x20x20,32x20x20,k3s1g1,
130,add,model.19,/model.19/m.0/m/m.0/Add,t134 t140,t141,32x20x20|32x20x20,32x20x20,,
131,conv,model.19,/model.19/m.0/m/m.1/cv1/conv/Conv,t141,t142,32x20x20,32x20x20,k3s1g1,
132,conv,model.19,/model.19/m.0/m/m.1/cv2/conv/Conv,t142,t143,32x20x20,32x20x20,k3s1g1,
133,add,model.19,/model.19/m.0/m/m.1/Add,t141 t143,t144,32x20x20|32x20x20,32x20x20,,
134,concat,model.19,/model.19/m.0/Concat,t144 t135,t145,32x20x20|32x20x20,64x20x20,axis=1,
135,conv,model.19,/model.19/m.0/cv3/conv/Conv,t145,t146,64x20x20,64x20x20,k1s1g1,
136,concat,model.19,/model.19/Concat,t130 t131 t146,t147,64x20x20|64x20x20|64x20x20,192x20x20,axis=1,
137,conv,model.19,/model.19/cv2/conv/Conv,t147,t148,192x20x20,128x20x20,k1s1g1,
138,conv,model.20,/model.20/conv/Conv,t148,t149,128x20x20,128x10x10,k3s2g1,
139,conv,model.23,/model.23/one2one_cv2.1/one2one_cv2.1.0/conv/Conv,t148,t150,128x20x20,16x20x20,k3s1g1,
140,conv,model.23,/model.23/one2one_cv3.1/one2one_cv3.1.0/one2one_cv3.1.0.0/conv/Conv,t148,t151,128x20x20,128x20x20,k3s1g128,
141,conv,model.23,/model.23/one2one_cv4.1/one2one_cv4.1.0/conv/Conv,t148,t152,128x20x20,32x20x20,k3s1g1,
142,conv,model.23,/model.23/proto/feat_refine.0/conv/Conv,t148,t153,128x20x20,64x20x20,k1s1g1,
143,concat,model.21,/model.21/Concat,t149 t83,t154,128x10x10|256x10x10,384x10x10,axis=1,
144,conv,model.23,/model.23/one2one_cv2.1/one2one_cv2.1.1/conv/Conv,t150,t155,16x20x20,16x20x20,k3s1g1,
145,conv,model.23,/model.23/one2one_cv3.1/one2one_cv3.1.0/one2one_cv3.1.0.1/conv/Conv,t151,t156,128x20x20,64x20x20,k1s1g1,
146,conv,model.23,/model.23/one2one_cv4.1/one2one_cv4.1.1/conv/Conv,t152,t157,32x20x20,32x20x20,k3s1g1,
147,resize,model.23,/model.23/proto/Resize,t153,t158,64x20x20,64x40x40,coordinate_transformation_mode=asymmetric;cubic_coeff_a=-0.75;mode=nearest;nearest_mode=floor,"Constant_1_output_0=[];Constant_output_0=[1.0, 1.0, 2.0, 2.0]"
148,conv,model.22,/model.22/cv1/conv/Conv,t154,t159,384x10x10,256x10x10,k1s1g1,
149,add,model.23,/model.23/proto/Add,t117 t158,t160,64x40x40|64x40x40,64x40x40,,
150,conv,model.23,/model.23/one2one_cv2.1/one2one_cv2.1.2/Conv,t155,t161,16x20x20,4x20x20,k1s1g1 linear,
151,conv,model.23,/model.23/one2one_cv3.1/one2one_cv3.1.1/one2one_cv3.1.1.0/conv/Conv,t156,t162,64x20x20,64x20x20,k3s1g64,
152,conv,model.23,/model.23/one2one_cv4.1/one2one_cv4.1.2/Conv,t157,t163,32x20x20,32x20x20,k1s1g1 linear,
153,split,model.22,/model.22/Split,t159,t164 t165,256x10x10,128x10x10|128x10x10,"axis=1;split=[128, 128]",
154,reshape,model.23,/model.23/Reshape_1,t161,t166,4x20x20,4x400,,"Constant_output_0=[1, 4, -1]"
155,reshape,model.23,/model.23/Reshape_7,t163,t167,32x20x20,32x400,,"Constant_6_output_0=[1, 32, -1]"
156,conv,model.22,/model.22/m.0/m.0.0/cv1/conv/Conv,t165,t168,128x10x10,64x10x10,k3s1g1,
157,conv,model.23,/model.23/one2one_cv3.1/one2one_cv3.1.1/one2one_cv3.1.1.1/conv/Conv,t162,t169,64x20x20,64x20x20,k1s1g1,
158,conv,model.22,/model.22/m.0/m.0.0/cv2/conv/Conv,t168,t170,64x10x10,128x10x10,k3s1g1,
159,conv,model.23,/model.23/one2one_cv3.1/one2one_cv3.1.2/Conv,t169,t171,64x20x20,1x20x20,k1s1g1 linear,
160,reshape,model.23,/model.23/Reshape_4,t171,t172,1x20x20,1x400,,"Constant_3_output_0=[1, 1, -1]"
161,add,model.22,/model.22/m.0/m.0.0/Add,t165 t170,t173,128x10x10|128x10x10,128x10x10,,
162,conv,model.22,/model.22/m.0/m.0.1/attn/qkv/conv/Conv,t173,t174,128x10x10,256x10x10,k1s1g1 linear,
163,reshape,model.22,/model.22/m.0/m.0.1/attn/Reshape,t174,t175,256x10x10,2x128x100,,"Constant_output_0=[1, 2, 128, 100]"
164,split,model.22,/model.22/m.0/m.0.1/attn/Split,t175,t176 t177 t178,2x128x100,2x32x100|2x32x100|2x64x100,"axis=2;split=[32, 32, 64]",
165,mul,model.22,/model.22/m.0/m.0.1/attn/Mul,t176,t179,2x32x100,2x32x100,,Constant_1_output_0=0.1767766922712326
166,reshape,model.22,/model.22/m.0/m.0.1/attn/Reshape_2,t178,t180,2x64x100,128x10x10,,"Constant_3_output_0=[1, 128, 10, 10]"
167,transpose,model.22,/model.22/m.0/m.0.1/attn/Transpose,t179,t181,2x32x100,2x100x32,"perm=[0, 1, 3, 2]",
168,conv,model.22,/model.22/m.0/m.0.1/attn/pe/conv/Conv,t180,t182,128x10x10,128x10x10,k3s1g128 linear,
169,matmul,model.22,/model.22/m.0/m.0.1/attn/MatMul,t181 t177,t183,2x100x32|2x32x100,2x100x100,,
170,softmax,model.22,/model.22/m.0/m.0.1/attn/Softmax,t183,t184,2x100x100,2x100x100,axis=3,
171,transpose,model.22,/model.22/m.0/m.0.1/attn/Transpose_1,t184,t185,2x100x100,2x100x100,"perm=[0, 1, 3, 2]",
172,matmul,model.22,/model.22/m.0/m.0.1/attn/MatMul_1,t178 t185,t186,2x64x100|2x100x100,2x64x100,,
173,reshape,model.22,/model.22/m.0/m.0.1/attn/Reshape_1,t186,t187,2x64x100,128x10x10,,"Constant_3_output_0=[1, 128, 10, 10]"
174,add,model.22,/model.22/m.0/m.0.1/attn/Add,t187 t182,t188,128x10x10|128x10x10,128x10x10,,
175,conv,model.22,/model.22/m.0/m.0.1/attn/proj/conv/Conv,t188,t189,128x10x10,128x10x10,k1s1g1 linear,
176,add,model.22,/model.22/m.0/m.0.1/Add,t173 t189,t190,128x10x10|128x10x10,128x10x10,,
177,conv,model.22,/model.22/m.0/m.0.1/ffn/ffn.0/conv/Conv,t190,t191,128x10x10,256x10x10,k1s1g1,
178,conv,model.22,/model.22/m.0/m.0.1/ffn/ffn.1/conv/Conv,t191,t192,256x10x10,128x10x10,k1s1g1 linear,
179,add,model.22,/model.22/m.0/m.0.1/Add_1,t190 t192,t193,128x10x10|128x10x10,128x10x10,,
180,concat,model.22,/model.22/Concat,t164 t165 t193,t194,128x10x10|128x10x10|128x10x10,384x10x10,axis=1,
181,conv,model.22,/model.22/cv2/conv/Conv,t194,t195,384x10x10,256x10x10,k1s1g1,
182,conv,model.23,/model.23/one2one_cv2.2/one2one_cv2.2.0/conv/Conv,t195,t196,256x10x10,16x10x10,k3s1g1,
183,conv,model.23,/model.23/one2one_cv3.2/one2one_cv3.2.0/one2one_cv3.2.0.0/conv/Conv,t195,t197,256x10x10,256x10x10,k3s1g256,
184,conv,model.23,/model.23/one2one_cv4.2/one2one_cv4.2.0/conv/Conv,t195,t198,256x10x10,32x10x10,k3s1g1,
185,conv,model.23,/model.23/proto/feat_refine.1/conv/Conv,t195,t199,256x10x10,64x10x10,k1s1g1,
186,conv,model.23,/model.23/one2one_cv2.2/one2one_cv2.2.1/conv/Conv,t196,t200,16x10x10,16x10x10,k3s1g1,
187,conv,model.23,/model.23/one2one_cv3.2/one2one_cv3.2.0/one2one_cv3.2.0.1/conv/Conv,t197,t201,256x10x10,64x10x10,k1s1g1,
188,conv,model.23,/model.23/one2one_cv4.2/one2one_cv4.2.1/conv/Conv,t198,t202,32x10x10,32x10x10,k3s1g1,
189,resize,model.23,/model.23/proto/Resize_1,t199,t203,64x10x10,64x40x40,coordinate_transformation_mode=asymmetric;cubic_coeff_a=-0.75;mode=nearest;nearest_mode=floor,"Constant_1_output_0=[];Constant_2_output_0=[1.0, 1.0, 4.0, 4.0]"
190,add,model.23,/model.23/proto/Add_1,t160 t203,t204,64x40x40|64x40x40,64x40x40,,
191,conv,model.23,/model.23/proto/feat_fuse/conv/Conv,t204,t205,64x40x40,64x40x40,k3s1g1,
192,conv,model.23,/model.23/one2one_cv2.2/one2one_cv2.2.2/Conv,t200,t206,16x10x10,4x10x10,k1s1g1 linear,
193,conv,model.23,/model.23/one2one_cv3.2/one2one_cv3.2.1/one2one_cv3.2.1.0/conv/Conv,t201,t207,64x10x10,64x10x10,k3s1g64,
194,conv,model.23,/model.23/one2one_cv4.2/one2one_cv4.2.2/Conv,t202,t208,32x10x10,32x10x10,k1s1g1 linear,
195,reshape,model.23,/model.23/Reshape_2,t206,t209,4x10x10,4x100,,"Constant_output_0=[1, 4, -1]"
196,reshape,model.23,/model.23/Reshape_8,t208,t210,32x10x10,32x100,,"Constant_6_output_0=[1, 32, -1]"
197,concat,model.23,/model.23/Concat,t132 t166 t209,t211,4x1600|4x400|4x100,4x2100,axis=-1,
198,concat,model.23,/model.23/Concat_2,t133 t167 t210,t212,32x1600|32x400|32x100,32x2100,axis=2,
199,conv,model.23,/model.23/proto/cv1/conv/Conv,t205,t213,64x40x40,64x40x40,k3s1g1,
200,conv,model.23,/model.23/one2one_cv3.2/one2one_cv3.2.1/one2one_cv3.2.1.1/conv/Conv,t207,t214,64x10x10,64x10x10,k1s1g1,
201,slice,model.23,/model.23/Slice,t211,t215,4x2100,2x2100,,Constant_10_output_0=[0];Mul_output_0=[2];Constant_9_output_0=[1]
202,slice,model.23,/model.23/Slice_1,t211,t216,4x2100,2x2100,,Mul_output_0=[2];Mul_1_output_0=[4];Constant_9_output_0=[1]
203,sub,model.23,/model.23/Sub,t215,t217,2x2100,2x2100,,"Constant_15_output_0[1, 2, 2100]"
204,add,model.23,/model.23/Add_1,t216,t218,2x2100,2x2100,,"Constant_16_output_0[1, 2, 2100]"
205,convT,model.23,/model.23/proto/upsample/ConvTranspose,t213,t219,64x40x40,64x80x80,k2s2g1 linear,
206,concat,model.23,/model.23/Concat_3,t217 t218,t220,2x2100|2x2100,4x2100,axis=1,
207,conv,model.23,/model.23/one2one_cv3.2/one2one_cv3.2.2/Conv,t214,t221,64x10x10,1x10x10,k1s1g1 linear,
208,conv,model.23,/model.23/proto/cv2/conv/Conv,t219,t222,64x80x80,64x80x80,k3s1g1,
209,mul,model.23,/model.23/Mul_2,t220,t223,4x2100,4x2100,,"Constant_17_output_0[1, 2100]"
210,reshape,model.23,/model.23/Reshape_5,t221,t224,1x10x10,1x100,,"Constant_3_output_0=[1, 1, -1]"
211,concat,model.23,/model.23/Concat_1,t139 t172 t224,t225,1x1600|1x400|1x100,1x2100,axis=-1,
212,sigmoid,model.23,/model.23/Sigmoid,t225,t226,1x2100,1x2100,,
213,conv,model.23,/model.23/proto/cv3/conv/Conv,t222,t227,64x80x80,32x80x80,k1s1g1,
214,concat,model.23,/model.23/Concat_4,t223 t226 t212,t228,4x2100|1x2100|32x2100,37x2100,axis=1,
215,transpose,model.23,/model.23/Transpose,t228,t229,37x2100,2100x37,"perm=[0, 2, 1]",
216,split,model.23,/model.23/Split,t229,t230 t231 t232,2100x37,2100x4|2100x1|2100x32,"axis=-1;split=[4, 1, 32]",
217,reducemax,model.23,/model.23/ReduceMax,t231,t233,2100x1,2100,axes=[-1];keepdims=0,
218,topk,model.23,/model.23/TopK,t233,t234 t235,2100,300|300,axis=1;largest=1;sorted=1,Constant_18_output_0=[300]
219,unsqueeze,model.23,/model.23/Unsqueeze,t235,t236,300,300x1,axes=[-1],
220,gatherelements,model.23,/model.23/GatherElements,t231 t236,t237,2100x1|300x1,300x1,axis=1,
221,flatten,model.23,/model.23/Flatten,t237,t238,300x1,300,axis=1,
222,topk,model.23,/model.23/TopK_1,t238,t239 t240,300,300|300,axis=1;largest=1;sorted=1,Constant_18_output_0=[300]
223,unsqueeze,model.23,/model.23/Unsqueeze_2,t239,t241,300,300x1,axes=[2],
224,mod,model.23,/model.23/Mod,t240,t242,300,300,fmod=0,Constant_24_output_0=1
225,unsqueeze,model.23,/model.23/Unsqueeze_1,t240,t243,300,300x1,axes=[-1],
226,unsqueeze,model.23,/model.23/Unsqueeze_3,t242,t244,300,300x1,axes=[2],
227,gatherelements,model.23,/model.23/GatherElements_1,t236 t243,t245,300x1|300x1,300x1,axis=1,
228,cast,model.23,/model.23/Cast_2,t244,t246,300x1,300x1,to=1,
229,expand,model.23,/model.23/Expand_1,t245,t247,300x1,300x4,,"Where_1_output_0=[1, 1, 4]"
230,expand,model.23,/model.23/Expand_2,t245,t248,300x1,300x32,,"Where_2_output_0=[1, 1, 32]"
231,gatherelements,model.23,/model.23/GatherElements_2,t230 t247,t249,2100x4|300x4,300x4,axis=1,
232,gatherelements,model.23,/model.23/GatherElements_3,t232 t248,t250,2100x32|300x32,300x32,axis=1,
233,concat,model.23,/model.23/Concat_5,t249 t241 t246 t250,t251,300x4|300x1|300x1|300x32,300x38,axis=-1,
