tid,onnx_name,shape,elems,producer_op,consumer_ops,n_consumers,io
0,images,1x3x320x320,307200,,0,1,input
1,/model.0/act/Mul_output_0,1x16x160x160,409600,0,1,1,
2,/model.1/act/Mul_output_0,1x32x80x80,204800,1,2,1,
3,/model.2/cv1/act/Mul_output_0,1x32x80x80,204800,2,3,1,
4,/model.2/Split_output_0,1x16x80x80,102400,3,7,1,
5,/model.2/Split_output_1,1x16x80x80,102400,3,4 6 7,3,
6,/model.2/m.0/cv1/act/Mul_output_0,1x8x80x80,51200,4,5,1,
7,/model.2/m.0/cv2/act/Mul_output_0,1x16x80x80,102400,5,6,1,
8,/model.2/m.0/Add_output_0,1x16x80x80,102400,6,7,1,
9,/model.2/Concat_output_0,1x48x80x80,307200,7,8,1,
10,/model.2/cv2/act/Mul_output_0,1x64x80x80,409600,8,9,1,
11,/model.3/act/Mul_output_0,1x64x40x40,102400,9,10,1,
12,/model.4/cv1/act/Mul_output_0,1x64x40x40,102400,10,11,1,
13,/model.4/Split_output_0,1x32x40x40,51200,11,15,1,
14,/model.4/Split_output_1,1x32x40x40,51200,11,12 14 15,3,
15,/model.4/m.0/cv1/act/Mul_output_0,1x16x40x40,25600,12,13,1,
16,/model.4/m.0/cv2/act/Mul_output_0,1x32x40x40,51200,13,14,1,
17,/model.4/m.0/Add_output_0,1x32x40x40,51200,14,15,1,
18,/model.4/Concat_output_0,1x96x40x40,153600,15,16,1,
19,/model.4/cv2/act/Mul_output_0,1x128x40x40,204800,16,17 93,2,
20,/model.5/act/Mul_output_0,1x128x20x20,51200,17,18,1,
21,/model.6/cv1/act/Mul_output_0,1x128x20x20,51200,18,19,1,
22,/model.6/Split_output_0,1x64x20x20,25600,19,30,1,
23,/model.6/Split_output_1,1x64x20x20,25600,19,20 21 30,3,
24,/model.6/m.0/cv1/act/Mul_output_0,1x32x20x20,12800,20,22 24,2,
25,/model.6/m.0/cv2/act/Mul_output_0,1x32x20x20,12800,21,28,1,
26,/model.6/m.0/m/m.0/cv1/act/Mul_output_0,1x32x20x20,12800,22,23,1,
27,/model.6/m.0/m/m.0/cv2/act/Mul_output_0,1x32x20x20,12800,23,24,1,
28,/model.6/m.0/m/m.0/Add_output_0,1x32x20x20,12800,24,25 27,2,
29,/model.6/m.0/m/m.1/cv1/act/Mul_output_0,1x32x20x20,12800,25,26,1,
30,/model.6/m.0/m/m.1/cv2/act/Mul_output_0,1x32x20x20,12800,26,27,1,
31,/model.6/m.0/m/m.1/Add_output_0,1x32x20x20,12800,27,28,1,
32,/model.6/m.0/Concat_output_0,1x64x20x20,25600,28,29,1,
33,/model.6/m.0/cv3/act/Mul_output_0,1x64x20x20,25600,29,30,1,
34,/model.6/Concat_output_0,1x192x20x20,76800,30,31,1,
35,/model.6/cv2/act/Mul_output_0,1x128x20x20,51200,31,32 77,2,
36,/model.7/act/Mul_output_0,1x256x10x10,25600,32,33,1,
37,/model.8/cv1/act/Mul_output_0,1x256x10x10,25600,33,34,1,
38,/model.8/Split_output_0,1x128x10x10,12800,34,45,1,
39,/model.8/Split_output_1,1x128x10x10,12800,34,35 36 45,3,
40,/model.8/m.0/cv1/act/Mul_output_0,1x64x10x10,6400,35,37 39,2,
41,/model.8/m.0/cv2/act/Mul_output_0,1x64x10x10,6400,36,43,1,
42,/model.8/m.0/m/m.0/cv1/act/Mul_output_0,1x64x10x10,6400,37,38,1,
43,/model.8/m.0/m/m.0/cv2/act/Mul_output_0,1x64x10x10,6400,38,39,1,
44,/model.8/m.0/m/m.0/Add_output_0,1x64x10x10,6400,39,40 42,2,
45,/model.8/m.0/m/m.1/cv1/act/Mul_output_0,1x64x10x10,6400,40,41,1,
46,/model.8/m.0/m/m.1/cv2/act/Mul_output_0,1x64x10x10,6400,41,42,1,
47,/model.8/m.0/m/m.1/Add_output_0,1x64x10x10,6400,42,43,1,
48,/model.8/m.0/Concat_output_0,1x128x10x10,12800,43,44,1,
49,/model.8/m.0/cv3/act/Mul_output_0,1x128x10x10,12800,44,45,1,
50,/model.8/Concat_output_0,1x384x10x10,38400,45,46,1,
51,/model.8/cv2/act/Mul_output_0,1x256x10x10,25600,46,47 53,2,
52,/model.9/cv1/conv/Conv_output_0,1x128x10x10,12800,47,48 51,2,
53,/model.9/m/MaxPool_output_0,1x128x10x10,12800,48,49 51,2,
54,/model.9/m_1/MaxPool_output_0,1x128x10x10,12800,49,50 51,2,
55,/model.9/m_2/MaxPool_output_0,1x128x10x10,12800,50,51,1,
56,/model.9/Concat_output_0,1x512x10x10,51200,51,52,1,
57,/model.9/cv2/act/Mul_output_0,1x256x10x10,25600,52,53,1,
58,/model.9/Add_output_0,1x256x10x10,25600,53,54,1,
59,/model.10/cv1/act/Mul_output_0,1x256x10x10,25600,54,55,1,
60,/model.10/Split_output_0,1x128x10x10,12800,55,74,1,
61,/model.10/Split_output_1,1x128x10x10,12800,55,56 70,2,
62,/model.10/m/m.0/attn/qkv/conv/Conv_output_0,1x256x10x10,25600,56,57,1,
63,/model.10/m/m.0/attn/Reshape_output_0,1x2x128x100,25600,57,58,1,
64,/model.10/m/m.0/attn/Split_output_0,1x2x32x100,6400,58,59,1,
65,/model.10/m/m.0/attn/Split_output_1,1x2x32x100,6400,58,63,1,
66,/model.10/m/m.0/attn/Split_output_2,1x2x64x100,12800,58,60 66,2,
67,/model.10/m/m.0/attn/Mul_output_0,1x2x32x100,6400,59,61,1,
68,/model.10/m/m.0/attn/Reshape_2_output_0,1x128x10x10,12800,60,62,1,
69,/model.10/m/m.0/attn/Transpose_output_0,1x2x100x32,6400,61,63,1,
70,/model.10/m/m.0/attn/pe/conv/Conv_output_0,1x128x10x10,12800,62,68,1,
71,/model.10/m/m.0/attn/MatMul_output_0,1x2x100x100,20000,63,64,1,
72,/model.10/m/m.0/attn/Softmax_output_0,1x2x100x100,20000,64,65,1,
73,/model.10/m/m.0/attn/Transpose_1_output_0,1x2x100x100,20000,65,66,1,
74,/model.10/m/m.0/attn/MatMul_1_output_0,1x2x64x100,12800,66,67,1,
75,/model.10/m/m.0/attn/Reshape_1_output_0,1x128x10x10,12800,67,68,1,
76,/model.10/m/m.0/attn/Add_output_0,1x128x10x10,12800,68,69,1,
77,/model.10/m/m.0/attn/proj/conv/Conv_output_0,1x128x10x10,12800,69,70,1,
78,/model.10/m/m.0/Add_output_0,1x128x10x10,12800,70,71 73,2,
79,/model.10/m/m.0/ffn/ffn.0/act/Mul_output_0,1x256x10x10,25600,71,72,1,
80,/model.10/m/m.0/ffn/ffn.1/conv/Conv_output_0,1x128x10x10,12800,72,73,1,
81,/model.10/m/m.0/Add_1_output_0,1x128x10x10,12800,73,74,1,
82,/model.10/Concat_output_0,1x256x10x10,25600,74,75,1,
83,/model.10/cv2/act/Mul_output_0,1x256x10x10,25600,75,76 143,2,
84,/model.11/Resize_output_0,1x256x20x20,102400,76,77,1,
85,/model.12/Concat_output_0,1x384x20x20,153600,77,78,1,
86,/model.13/cv1/act/Mul_output_0,1x128x20x20,51200,78,79,1,
87,/model.13/Split_output_0,1x64x20x20,25600,79,90,1,
88,/model.13/Split_output_1,1x64x20x20,25600,79,80 81 90,3,
89,/model.13/m.0/cv1/act/Mul_output_0,1x32x20x20,12800,80,82 84,2,
90,/model.13/m.0/cv2/act/Mul_output_0,1x32x20x20,12800,81,88,1,
91,/model.13/m.0/m/m.0/cv1/act/Mul_output_0,1x32x20x20,12800,82,83,1,
92,/model.13/m.0/m/m.0/cv2/act/Mul_output_0,1x32x20x20,12800,83,84,1,
93,/model.13/m.0/m/m.0/Add_output_0,1x32x20x20,12800,84,85 87,2,
94,/model.13/m.0/m/m.1/cv1/act/Mul_output_0,1x32x20x20,12800,85,86,1,
95,/model.13/m.0/m/m.1/cv2/act/Mul_output_0,1x32x20x20,12800,86,87,1,
96,/model.13/m.0/m/m.1/Add_output_0,1x32x20x20,12800,87,88,1,
97,/model.13/m.0/Concat_output_0,1x64x20x20,25600,88,89,1,
98,/model.13/m.0/cv3/act/Mul_output_0,1x64x20x20,25600,89,90,1,
99,/model.13/Concat_output_0,1x192x20x20,76800,90,91,1,
100,/model.13/cv2/act/Mul_output_0,1x128x20x20,51200,91,92 112,2,
101,/model.14/Resize_output_0,1x128x40x40,204800,92,93,1,
102,/model.15/Concat_output_0,1x256x40x40,409600,93,94,1,
103,/model.16/cv1/act/Mul_output_0,1x64x40x40,102400,94,95,1,
104,/model.16/Split_output_0,1x32x40x40,51200,95,106,1,
105,/model.16/Split_output_1,1x32x40x40,51200,95,96 97 106,3,
106,/model.16/m.0/cv1/act/Mul_output_0,1x16x40x40,25600,96,98 100,2,
107,/model.16/m.0/cv2/act/Mul_output_0,1x16x40x40,25600,97,104,1,
108,/model.16/m.0/m/m.0/cv1/act/Mul_output_0,1x16x40x40,25600,98,99,1,
109,/model.16/m.0/m/m.0/cv2/act/Mul_output_0,1x16x40x40,25600,99,100,1,
110,/model.16/m.0/m/m.0/Add_output_0,1x16x40x40,25600,100,101 103,2,
111,/model.16/m.0/m/m.1/cv1/act/Mul_output_0,1x16x40x40,25600,101,102,1,
112,/model.16/m.0/m/m.1/cv2/act/Mul_output_0,1x16x40x40,25600,102,103,1,
113,/model.16/m.0/m/m.1/Add_output_0,1x16x40x40,25600,103,104,1,
114,/model.16/m.0/Concat_output_0,1x32x40x40,51200,104,105,1,
115,/model.16/m.0/cv3/act/Mul_output_0,1x32x40x40,51200,105,106,1,
116,/model.16/Concat_output_0,1x96x40x40,153600,106,107,1,
117,/model.16/cv2/act/Mul_output_0,1x64x40x40,102400,107,108 109 110 111 149,5,
118,/model.17/act/Mul_output_0,1x64x20x20,25600,108,112,1,
119,/model.23/one2one_cv2.0/one2one_cv2.0.0/act/Mul_output_0,1x16x40x40,25600,109,113,1,
120,/model.23/one2one_cv3.0/one2one_cv3.0.0/one2one_cv3.0.0.0/act/Mul_output_0,1x64x40x40,102400,110,114,1,
121,/model.23/one2one_cv4.0/one2one_cv4.0.0/act/Mul_output_0,1x32x40x40,51200,111,115,1,
122,/model.18/Concat_output_0,1x192x20x20,76800,112,116,1,
123,/model.23/one2one_cv2.0/one2one_cv2.0.1/act/Mul_output_0,1x16x40x40,25600,113,117,1,
124,/model.23/one2one_cv3.0/one2one_cv3.0.0/one2one_cv3.0.0.1/act/Mul_output_0,1x64x40x40,102400,114,118,1,
125,/model.23/one2one_cv4.0/one2one_cv4.0.1/act/Mul_output_0,1x32x40x40,51200,115,119,1,
126,/model.19/cv1/act/Mul_output_0,1x128x20x20,51200,116,120,1,
127,/model.23/one2one_cv2.0/one2one_cv2.0.2/Conv_output_0,1x4x40x40,6400,117,121,1,
128,/model.23/one2one_cv3.0/one2one_cv3.0.1/one2one_cv3.0.1.0/act/Mul_output_0,1x64x40x40,102400,118,125,1,
129,/model.23/one2one_cv4.0/one2one_cv4.0.2/Conv_output_0,1x32x40x40,51200,119,122,1,
130,/model.19/Split_output_0,1x64x20x20,25600,120,136,1,
131,/model.19/Split_output_1,1x64x20x20,25600,120,123 124 136,3,
132,/model.23/Reshape_output_0,1x4x1600,6400,121,197,1,
133,/model.23/Reshape_6_output_0,1x32x1600,51200,122,198,1,
134,/model.19/m.0/cv1/act/Mul_output_0,1x32x20x20,12800,123,126 130,2,
135,/model.19/m.0/cv2/act/Mul_output_0,1x32x20x20,12800,124,134,1,
136,/model.23/one2one_cv3.0/one2one_cv3.0.1/one2one_cv3.0.1.1/act/Mul_output_0,1x64x40x40,102400,125,127,1,
137,/model.19/m.0/m/m.0/cv1/act/Mul_output_0,1x32x20x20,12800,126,129,1,
138,/model.23/one2one_cv3.0/one2one_cv3.0.2/Conv_output_0,1x1x40x40,1600,127,128,1,
139,/model.23/Reshape_3_output_0,1x1x1600,1600,128,211,1,
140,/model.19/m.0/m/m.0/cv2/act/Mul_output_0,1x32x20x20,12800,129,130,1,
141,/model.19/m.0/m/m.0/Add_output_0,1x32x20x20,12800,130,131 133,2,
142,/model.19/m.0/m/m.1/cv1/act/Mul_output_0,1x32x20x20,12800,131,132,1,
143,/model.19/m.0/m/m.1/cv2/act/Mul_output_0,1x32x20x20,12800,132,133,1,
144,/model.19/m.0/m/m.1/Add_output_0,1x32x20x20,12800,133,134,1,
145,/model.19/m.0/Concat_output_0,1x64x20x20,25600,134,135,1,
146,/model.19/m.0/cv3/act/Mul_output_0,1x64x20x20,25600,135,136,1,
147,/model.19/Concat_output_0,1x192x20x20,76800,136,137,1,
148,/model.19/cv2/act/Mul_output_0,1x128x20x20,51200,137,138 139 140 141 142,5,
149,/model.20/act/Mul_output_0,1x128x10x10,12800,138,143,1,
150,/model.23/one2one_cv2.1/one2one_cv2.1.0/act/Mul_output_0,1x16x20x20,6400,139,144,1,
151,/model.23/one2one_cv3.1/one2one_cv3.1.0/one2one_cv3.1.0.0/act/Mul_output_0,1x128x20x20,51200,140,145,1,
152,/model.23/one2one_cv4.1/one2one_cv4.1.0/act/Mul_output_0,1x32x20x20,12800,141,146,1,
153,/model.23/proto/feat_refine.0/act/Mul_output_0,1x64x20x20,25600,142,147,1,
154,/model.21/Concat_output_0,1x384x10x10,38400,143,148,1,
155,/model.23/one2one_cv2.1/one2one_cv2.1.1/act/Mul_output_0,1x16x20x20,6400,144,150,1,
156,/model.23/one2one_cv3.1/one2one_cv3.1.0/one2one_cv3.1.0.1/act/Mul_output_0,1x64x20x20,25600,145,151,1,
157,/model.23/one2one_cv4.1/one2one_cv4.1.1/act/Mul_output_0,1x32x20x20,12800,146,152,1,
158,/model.23/proto/Resize_output_0,1x64x40x40,102400,147,149,1,
159,/model.22/cv1/act/Mul_output_0,1x256x10x10,25600,148,153,1,
160,/model.23/proto/Add_output_0,1x64x40x40,102400,149,190,1,
161,/model.23/one2one_cv2.1/one2one_cv2.1.2/Conv_output_0,1x4x20x20,1600,150,154,1,
162,/model.23/one2one_cv3.1/one2one_cv3.1.1/one2one_cv3.1.1.0/act/Mul_output_0,1x64x20x20,25600,151,157,1,
163,/model.23/one2one_cv4.1/one2one_cv4.1.2/Conv_output_0,1x32x20x20,12800,152,155,1,
164,/model.22/Split_output_0,1x128x10x10,12800,153,180,1,
165,/model.22/Split_output_1,1x128x10x10,12800,153,156 161 180,3,
166,/model.23/Reshape_1_output_0,1x4x400,1600,154,197,1,
167,/model.23/Reshape_7_output_0,1x32x400,12800,155,198,1,
168,/model.22/m.0/m.0.0/cv1/act/Mul_output_0,1x64x10x10,6400,156,158,1,
169,/model.23/one2one_cv3.1/one2one_cv3.1.1/one2one_cv3.1.1.1/act/Mul_output_0,1x64x20x20,25600,157,159,1,
170,/model.22/m.0/m.0.0/cv2/act/Mul_output_0,1x128x10x10,12800,158,161,1,
171,/model.23/one2one_cv3.1/one2one_cv3.1.2/Conv_output_0,1x1x20x20,400,159,160,1,
172,/model.23/Reshape_4_output_0,1x1x400,400,160,211,1,
173,/model.22/m.0/m.0.0/Add_output_0,1x128x10x10,12800,161,162 176,2,
174,/model.22/m.0/m.0.1/attn/qkv/conv/Conv_output_0,1x256x10x10,25600,162,163,1,
175,/model.22/m.0/m.0.1/attn/Reshape_output_0,1x2x128x100,25600,163,164,1,
176,/model.22/m.0/m.0.1/attn/Split_output_0,1x2x32x100,6400,164,165,1,
177,/model.22/m.0/m.0.1/attn/Split_output_1,1x2x32x100,6400,164,169,1,
178,/model.22/m.0/m.0.1/attn/Split_output_2,1x2x64x100,12800,164,166 172,2,
179,/model.22/m.0/m.0.1/attn/Mul_output_0,1x2x32x100,6400,165,167,1,
180,/model.22/m.0/m.0.1/attn/Reshape_2_output_0,1x128x10x10,12800,166,168,1,
181,/model.22/m.0/m.0.1/attn/Transpose_output_0,1x2x100x32,6400,167,169,1,
182,/model.22/m.0/m.0.1/attn/pe/conv/Conv_output_0,1x128x10x10,12800,168,174,1,
183,/model.22/m.0/m.0.1/attn/MatMul_output_0,1x2x100x100,20000,169,170,1,
184,/model.22/m.0/m.0.1/attn/Softmax_output_0,1x2x100x100,20000,170,171,1,
185,/model.22/m.0/m.0.1/attn/Transpose_1_output_0,1x2x100x100,20000,171,172,1,
186,/model.22/m.0/m.0.1/attn/MatMul_1_output_0,1x2x64x100,12800,172,173,1,
187,/model.22/m.0/m.0.1/attn/Reshape_1_output_0,1x128x10x10,12800,173,174,1,
188,/model.22/m.0/m.0.1/attn/Add_output_0,1x128x10x10,12800,174,175,1,
189,/model.22/m.0/m.0.1/attn/proj/conv/Conv_output_0,1x128x10x10,12800,175,176,1,
190,/model.22/m.0/m.0.1/Add_output_0,1x128x10x10,12800,176,177 179,2,
191,/model.22/m.0/m.0.1/ffn/ffn.0/act/Mul_output_0,1x256x10x10,25600,177,178,1,
192,/model.22/m.0/m.0.1/ffn/ffn.1/conv/Conv_output_0,1x128x10x10,12800,178,179,1,
193,/model.22/m.0/m.0.1/Add_1_output_0,1x128x10x10,12800,179,180,1,
194,/model.22/Concat_output_0,1x384x10x10,38400,180,181,1,
195,/model.22/cv2/act/Mul_output_0,1x256x10x10,25600,181,182 183 184 185,4,
196,/model.23/one2one_cv2.2/one2one_cv2.2.0/act/Mul_output_0,1x16x10x10,1600,182,186,1,
197,/model.23/one2one_cv3.2/one2one_cv3.2.0/one2one_cv3.2.0.0/act/Mul_output_0,1x256x10x10,25600,183,187,1,
198,/model.23/one2one_cv4.2/one2one_cv4.2.0/act/Mul_output_0,1x32x10x10,3200,184,188,1,
199,/model.23/proto/feat_refine.1/act/Mul_output_0,1x64x10x10,6400,185,189,1,
200,/model.23/one2one_cv2.2/one2one_cv2.2.1/act/Mul_output_0,1x16x10x10,1600,186,192,1,
201,/model.23/one2one_cv3.2/one2one_cv3.2.0/one2one_cv3.2.0.1/act/Mul_output_0,1x64x10x10,6400,187,193,1,
202,/model.23/one2one_cv4.2/one2one_cv4.2.1/act/Mul_output_0,1x32x10x10,3200,188,194,1,
203,/model.23/proto/Resize_1_output_0,1x64x40x40,102400,189,190,1,
204,/model.23/proto/Add_1_output_0,1x64x40x40,102400,190,191,1,
205,/model.23/proto/feat_fuse/act/Mul_output_0,1x64x40x40,102400,191,199,1,
206,/model.23/one2one_cv2.2/one2one_cv2.2.2/Conv_output_0,1x4x10x10,400,192,195,1,
207,/model.23/one2one_cv3.2/one2one_cv3.2.1/one2one_cv3.2.1.0/act/Mul_output_0,1x64x10x10,6400,193,200,1,
208,/model.23/one2one_cv4.2/one2one_cv4.2.2/Conv_output_0,1x32x10x10,3200,194,196,1,
209,/model.23/Reshape_2_output_0,1x4x100,400,195,197,1,
210,/model.23/Reshape_8_output_0,1x32x100,3200,196,198,1,
211,/model.23/Concat_output_0,1x4x2100,8400,197,201 202,2,
212,/model.23/Concat_2_output_0,1x32x2100,67200,198,214,1,
213,/model.23/proto/cv1/act/Mul_output_0,1x64x40x40,102400,199,205,1,
214,/model.23/one2one_cv3.2/one2one_cv3.2.1/one2one_cv3.2.1.1/act/Mul_output_0,1x64x10x10,6400,200,207,1,
215,/model.23/Slice_output_0,1x2x2100,4200,201,203,1,
216,/model.23/Slice_1_output_0,1x2x2100,4200,202,204,1,
217,/model.23/Sub_output_0,1x2x2100,4200,203,206,1,
218,/model.23/Add_1_output_0,1x2x2100,4200,204,206,1,
219,/model.23/proto/upsample/ConvTranspose_output_0,1x64x80x80,409600,205,208,1,
220,/model.23/Concat_3_output_0,1x4x2100,8400,206,209,1,
221,/model.23/one2one_cv3.2/one2one_cv3.2.2/Conv_output_0,1x1x10x10,100,207,210,1,
222,/model.23/proto/cv2/act/Mul_output_0,1x64x80x80,409600,208,213,1,
223,/model.23/Mul_2_output_0,1x4x2100,8400,209,214,1,
224,/model.23/Reshape_5_output_0,1x1x100,100,210,211,1,
225,/model.23/Concat_1_output_0,1x1x2100,2100,211,212,1,
226,/model.23/Sigmoid_output_0,1x1x2100,2100,212,214,1,
227,output1,1x32x80x80,204800,213,,0,output
228,/model.23/Concat_4_output_0,1x37x2100,77700,214,215,1,
229,/model.23/Transpose_output_0,1x2100x37,77700,215,216,1,
230,/model.23/Split_output_0,1x2100x4,8400,216,231,1,
231,/model.23/Split_output_1,1x2100x1,2100,216,217 220,2,
232,/model.23/Split_output_2,1x2100x32,67200,216,232,1,
233,/model.23/ReduceMax_output_0,1x2100,2100,217,218,1,
234,/model.23/TopK_output_0,1x300,300,218,,0,
235,/model.23/TopK_output_1,1x300,300,218,219,1,
236,/model.23/Expand_output_0,1x300x1,300,219,220 227,2,
237,/model.23/GatherElements_output_0,1x300x1,300,220,221,1,
238,/model.23/Flatten_output_0,1x300,300,221,222,1,
239,/model.23/TopK_1_output_0,1x300,300,222,223,1,
240,/model.23/Cast_1_output_0,1x300,300,222,224 225,2,
241,/model.23/Unsqueeze_2_output_0,1x300x1,300,223,233,1,
242,/model.23/Mod_output_0,1x300,300,224,226,1,
243,/model.23/Unsqueeze_1_output_0,1x300x1,300,225,227,1,
244,/model.23/Unsqueeze_3_output_0,1x300x1,300,226,228,1,
245,/model.23/GatherElements_1_output_0,1x300x1,300,227,229 230,2,
246,/model.23/Cast_2_output_0,1x300x1,300,228,233,1,
247,/model.23/Expand_1_output_0,1x300x4,1200,229,231,1,
248,/model.23/Expand_2_output_0,1x300x32,9600,230,232,1,
249,/model.23/GatherElements_2_output_0,1x300x4,1200,231,233,1,
250,/model.23/GatherElements_3_output_0,1x300x32,9600,232,233,1,
251,output0,1x300x38,11400,233,,0,output
